query	M12294.2	100.000	10293	0	0	1	10293	97	10389	0.0	19008
query	AY532665.1	99.738	10293	27	0	1	10293	97	10389	0.0	18859
query	DQ318019.1	99.660	10293	35	0	1	10293	97	10389	0.0	18814
query	JX041631.1	99.621	10293	39	0	1	10293	97	10389	0.0	18794
query	EF429200.1	98.059	10305	188	1	1	10293	97	10401	0.0	17911
query	EU068667.1	97.914	10305	203	1	1	10293	1	10305	0.0	17828
query	EF429197.1	97.826	10305	212	1	1	10293	97	10401	0.0	17786
query	HM147824.1	97.768	10305	218	1	1	10293	97	10401	0.0	17745
query	KY523178.1	97.709	10303	224	1	1	10291	97	10399	0.0	17708
query	JN393308.1	97.535	10305	242	1	1	10293	97	10401	0.0	17634
query	EF429198.1	97.555	10305	240	1	1	10293	97	10401	0.0	17623
query	DQ116961.1	97.496	10305	246	1	1	10293	97	10401	0.0	17590
query	KF179640.1	97.467	10305	249	1	1	10293	82	10386	0.0	17579
query	KP780837.1	97.467	10305	249	1	1	10293	73	10377	0.0	17573
query	KM659876.1	97.448	10305	251	3	1	10293	97	10401	0.0	17562
query	KP109691.1	97.438	10305	252	3	1	10293	87	10391	0.0	17557
query	KM203860.1	97.438	10305	252	1	1	10293	87	10391	0.0	17557
query	KM203862.1	97.428	10305	253	3	1	10293	87	10391	0.0	17551
query	KP109692.1	97.419	10305	254	1	1	10293	87	10391	0.0	17546
query	KM203863.1	97.390	10305	257	1	1	10293	87	10391	0.0	17531
query	KP780838.1	97.390	10305	257	1	1	10293	73	10377	0.0	17529
query	HQ537483.1	97.390	10305	257	1	1	10293	97	10401	0.0	17529
query	KF823806.1	97.380	10305	258	1	1	10293	86	10390	0.0	17523
query	KY594040.1	97.361	10305	260	1	1	10293	97	10401	0.0	17512
query	KT207792.1	97.361	10305	260	1	1	10293	81	10385	0.0	17512
query	KP789954.1	97.361	10305	260	1	1	10293	86	10390	0.0	17512
query	KM203861.1	97.331	10305	263	3	1	10293	87	10391	0.0	17507
query	KC496016.1	97.351	10305	261	5	1	10293	97	10401	0.0	17507
query	DQ318020.1	97.351	10305	261	2	1	10293	97	10401	0.0	17507
query	KT757322.1	97.341	10305	262	1	1	10293	97	10401	0.0	17501
query	KP789957.1	97.341	10305	262	1	1	10293	84	10388	0.0	17501
query	KP789956.1	97.341	10305	262	5	1	10293	35	10339	0.0	17501
query	KP789953.1	97.341	10305	262	1	1	10293	80	10384	0.0	17501
query	KC496015.1	97.341	10305	262	1	1	10293	97	10401	0.0	17501
query	JN858070.1	97.341	10305	262	1	1	10293	64	10368	0.0	17501
query	KT757319.1	97.331	10305	263	1	1	10293	97	10401	0.0	17496
query	KT757318.1	97.331	10305	263	1	1	10293	97	10401	0.0	17496
query	KP789958.1	97.331	10305	263	1	1	10293	86	10390	0.0	17496
query	KP789955.1	97.331	10305	263	1	1	10293	84	10388	0.0	17496
query	KF647249.1	97.331	10304	263	1	1	10292	97	10400	0.0	17494
query	KT757321.1	97.312	10305	265	1	1	10293	97	10401	0.0	17485
query	KC407673.1	97.312	10305	265	1	1	10293	97	10401	0.0	17485
query	KT757320.1	97.302	10305	266	1	1	10293	97	10401	0.0	17479
query	KF588365.1	97.302	10304	266	1	1	10292	84	10387	0.0	17477
query	KT757323.1	97.293	10305	267	1	1	10293	97	10401	0.0	17474
query	KP789960.1	97.292	10304	267	1	1	10292	35	10338	0.0	17474
query	KP789959.1	97.293	10305	267	1	1	10293	36	10340	0.0	17474
query	KX375812.1	97.273	10305	269	1	1	10293	55	10359	0.0	17463
query	KT359349.1	97.273	10305	269	5	1	10293	60	10364	0.0	17463
query	KP780839.1	97.263	10303	270	1	3	10293	75	10377	0.0	17459
query	KF647251.1	97.263	10304	270	1	1	10292	84	10387	0.0	17455
query	KM052152.1	97.234	10305	273	1	1	10293	97	10401	0.0	17440
query	KU206781.1	97.215	10305	275	1	1	10293	97	10401	0.0	17433
query	KJ883345.1	97.205	10305	276	1	1	10293	94	10398	0.0	17424
query	KJ577738.1	97.196	10305	277	1	1	10293	82	10386	0.0	17424
query	KJ883348.1	97.196	10305	277	1	1	10293	86	10390	0.0	17418
query	KJ883344.1	97.196	10305	277	1	1	10293	87	10391	0.0	17418
query	KJ883349.1	97.186	10305	278	1	1	10293	51	10355	0.0	17413
query	KJ577739.1	97.186	10305	278	1	1	10293	87	10391	0.0	17413
query	KF179639.1	97.176	10305	279	1	1	10293	87	10391	0.0	17407
query	KJ883343.1	97.166	10305	280	1	1	10293	87	10391	0.0	17402
query	KJ883346.1	97.147	10305	282	1	1	10293	86	10390	0.0	17391
query	KJ934710.1	97.137	10305	283	4	1	10293	97	10401	0.0	17385
query	FJ425721.1	97.089	10305	288	4	1	10293	64	10368	0.0	17357
query	KP780840.1	96.943	10305	303	1	1	10293	73	10377	0.0	17274
query	KT207791.1	96.934	10305	304	4	1	10293	76	10380	0.0	17270
query	EF429199.1	96.720	10305	326	1	1	10293	97	10401	0.0	17147
query	KF647252.1	97.331	9818	250	1	1	9806	84	9901	0.0	16668
query	KF647252.1	97.391	345	9	0	9948	10292	10043	10387	1.23e-162	588
query	KF647250.1	97.300	9813	251	3	1	9800	97	9908	0.0	16641
query	KF647250.1	96.601	353	12	0	9940	10292	10048	10400	1.23e-162	588
query	KJ883342.1	97.191	9826	264	1	1	9814	97	9922	0.0	16606
query	KJ883342.1	97.465	355	9	0	9939	10293	10047	10401	3.39e-168	606
query	KJ883350.1	97.190	9823	264	1	1	9811	97	9919	0.0	16600
query	KJ883350.1	97.701	348	8	0	9946	10293	10054	10401	5.67e-166	599
query	HM147823.1	93.896	10305	617	4	1	10293	97	10401	0.0	15535
query	KU978767.1	93.886	10305	618	4	1	10293	88	10392	0.0	15529
query	AY688948.1	93.489	10305	659	1	1	10293	97	10401	0.0	15302
query	HM147822.1	90.103	10306	1006	8	1	10293	97	10401	0.0	13369
query	GQ903680.1	88.874	10309	1119	20	1	10292	97	10394	0.0	12658
query	KJ883347.1	97.479	6149	143	1	1	6137	97	6245	0.0	10486
query	KJ883347.1	96.932	3422	105	0	6872	10293	6980	10401	0.0	5738
query	DQ176636.2	84.025	10310	1625	14	1	10293	96	10400	0.0	9895
query	KJ909514.1	84.016	10310	1626	14	1	10293	114	10418	0.0	9889
query	MF462262.1	97.355	5217	136	2	1724	6939	2	5217	0.0	8868
query	KF823805.1	97.305	5083	137	0	5210	10292	5318	10400	0.0	8628
query	KF823805.1	97.287	4349	106	2	1	4337	97	4445	0.0	7367
query	KF647248.1	97.103	4591	133	0	5198	9788	5306	9896	0.0	7760
query	KF647248.1	97.334	4351	104	2	1	4339	97	4447	0.0	7382
query	KF647248.1	97.414	348	9	0	9945	10292	10053	10400	2.64e-164	593
query	KJ883341.1	97.429	4356	100	1	1	4344	97	4452	0.0	7413
query	KJ883341.1	96.877	2946	91	1	6875	9820	6983	9927	0.0	4929
query	KJ883341.1	98.503	935	14	0	5201	6135	5309	6243	0.0	1650
query	KJ883341.1	97.458	354	9	0	9940	10293	10048	10401	1.22e-167	604
query	AF404757.1	79.564	10315	2073	25	1	10293	97	10398	0.0	7337
query	AJ965626.2	79.533	10314	2078	23	1	10293	72	10373	0.0	7326
query	AY262283.1	79.540	10313	2079	21	1	10293	61	10362	0.0	7326
query	AY701413.1	79.544	10315	2075	25	1	10293	55	10356	0.0	7326
query	JQ928175.1	79.535	10315	2076	25	1	10293	79	10380	0.0	7321
query	JN858069.1	79.525	10315	2077	25	1	10293	79	10380	0.0	7317
query	AJ965628.2	79.523	10314	2079	23	1	10293	72	10373	0.0	7315
query	JX070655.1	79.523	10319	2070	31	1	10293	97	10398	0.0	7313
query	GQ851607.1	79.496	10315	2080	25	1	10293	43	10344	0.0	7299
query	FJ483548.1	79.494	10314	2082	23	1	10293	97	10398	0.0	7299
query	JF719065.1	79.484	10314	2083	23	1	10293	93	10394	0.0	7295
query	AM404308.1	79.482	10318	2076	29	1	10293	72	10373	0.0	7287
query	JF719069.1	79.465	10314	2085	23	1	10293	78	10379	0.0	7282
query	JF719066.1	79.465	10314	2085	23	1	10293	75	10376	0.0	7282
query	JF719067.1	79.463	10318	2078	29	1	10293	66	10367	0.0	7276
query	KU978768.1	79.455	10319	2077	31	1	10293	88	10389	0.0	7271
query	FJ483549.1	79.445	10314	2087	23	1	10293	97	10398	0.0	7271
query	AF260968.1	79.453	10318	2079	29	1	10293	97	10398	0.0	7271
query	KF234080.1	79.436	10314	2088	23	1	10293	97	10398	0.0	7265
query	GQ851606.1	79.450	10321	2074	35	1	10293	41	10342	0.0	7265
query	GU011992.2	79.445	10304	2085	23	1	10283	97	10388	0.0	7263
query	JF719068.1	79.426	10314	2089	23	1	10293	66	10367	0.0	7260
query	KX394382.1	79.434	10323	2072	43	1	10293	75	10376	0.0	7254
query	JX123030.1	79.434	10323	2072	43	1	10293	79	10380	0.0	7254
query	KC333382.1	79.422	10317	2082	33	1	10292	69	10369	0.0	7252
query	KC333379.1	79.422	10317	2082	33	1	10292	62	10362	0.0	7252
query	KT934801.1	79.425	10323	2073	43	1	10293	1	10302	0.0	7249
query	JX123031.1	79.425	10323	2073	43	1	10293	79	10380	0.0	7249
query	JN887352.1	79.425	10323	2073	43	1	10293	80	10381	0.0	7249
query	AY268132.1	79.415	10318	2083	31	1	10293	77	10378	0.0	7249
query	KC333386.1	79.413	10317	2083	33	1	10292	60	10360	0.0	7247
query	EU249803.1	79.405	10318	2084	29	1	10293	97	10398	0.0	7243
query	KX547267.1	79.391	10316	2087	31	1	10292	64	10364	0.0	7236
query	KJ501260.1	79.394	10303	2092	24	1	10283	97	10388	0.0	7236
query	KC711057.1	79.396	10304	2090	26	1	10283	97	10388	0.0	7236
query	JF920745.1	79.391	10316	2087	31	1	10292	97	10397	0.0	7236
query	HQ671728.1	79.387	10314	2091	28	1	10292	88	10388	0.0	7236
query	KU588135.1	79.374	10317	2089	26	1	10293	98	10399	0.0	7230
query	JF488087.1	79.382	10316	2088	31	1	10292	97	10397	0.0	7230
query	GQ507481.1	79.382	10316	2088	31	1	10292	1	10301	0.0	7230
query	AY603654.1	79.378	10319	2085	31	1	10293	97	10398	0.0	7227
query	AY701412.1	79.374	10317	2089	27	1	10293	55	10356	0.0	7227
query	KX547388.1	79.389	10310	2080	38	1	10283	64	10355	0.0	7225
query	KJ501354.1	79.376	10318	2085	35	1	10292	97	10397	0.0	7225
query	JF920753.1	79.385	10308	2084	33	1	10283	97	10388	0.0	7225
query	JF488092.1	79.383	10307	2086	31	1	10283	97	10388	0.0	7225
query	FJ766332.1	79.377	10304	2092	23	1	10283	83	10374	0.0	7225
query	KT163243.1	79.366	10318	2088	29	1	10293	97	10398	0.0	7221
query	KX547486.1	79.364	10317	2088	33	1	10292	64	10364	0.0	7219
query	KJ501511.1	79.375	10308	2085	33	1	10283	97	10388	0.0	7219
query	KJ501463.1	79.375	10308	2085	33	1	10283	97	10388	0.0	7219
query	KJ501419.1	79.366	10318	2086	35	1	10292	97	10397	0.0	7219
query	KJ501311.1	79.375	10308	2085	33	1	10283	97	10388	0.0	7219
query	KJ145823.1	79.395	10289	2081	31	1	10265	87	10360	0.0	7219
query	JF957183.1	79.375	10308	2085	33	1	10283	97	10388	0.0	7219
query	JF488090.1	79.362	10316	2090	31	1	10292	110	10410	0.0	7219
query	FJ766331.1	79.367	10304	2093	23	1	10283	82	10373	0.0	7219
query	GQ851608.1	79.348	10314	2097	23	1	10293	41	10342	0.0	7215
query	DQ786572.1	79.352	10316	2093	32	1	10293	73	10374	0.0	7215
query	KX547597.1	79.354	10317	2089	33	1	10292	64	10364	0.0	7214
query	KX547596.1	79.366	10308	2086	33	1	10283	64	10355	0.0	7214
query	KX547380.1	79.348	10314	2095	28	1	10292	64	10364	0.0	7214
query	KX547332.1	79.352	10316	2091	31	1	10292	64	10364	0.0	7214
query	KX547307.1	79.352	10316	2091	31	1	10292	64	10364	0.0	7214
query	KX547256.1	79.352	10316	2091	31	1	10292	64	10364	0.0	7214
query	KX547242.1	79.348	10314	2095	28	1	10292	64	10364	0.0	7214
query	KX547229.1	79.366	10308	2086	33	1	10283	64	10355	0.0	7214
query	KX547182.1	79.366	10308	2086	33	1	10283	64	10355	0.0	7214
query	KJ501457.1	79.366	10308	2086	33	1	10283	97	10388	0.0	7214
query	KJ501398.1	79.368	10309	2084	35	1	10283	97	10388	0.0	7214
query	KJ501301.1	79.366	10308	2086	33	1	10283	97	10388	0.0	7214
query	JF957179.1	79.354	10317	2089	33	1	10292	97	10397	0.0	7214
query	JF957176.1	79.368	10309	2084	35	1	10283	97	10388	0.0	7214
query	JF957170.1	79.348	10314	2095	28	1	10292	97	10397	0.0	7214
query	JN183890.1	79.366	10308	2086	33	1	10283	88	10379	0.0	7214
query	JF920757.1	79.366	10308	2086	33	1	10283	97	10388	0.0	7214
query	JF488089.1	79.352	10316	2091	31	1	10292	97	10397	0.0	7214
query	HQ705669.1	79.368	10309	2084	35	1	10283	97	10388	0.0	7214
query	HQ671721.1	79.368	10309	2084	35	1	10283	97	10388	0.0	7214
query	HM488176.1	79.354	10317	2089	33	1	10292	141	10441	0.0	7214
query	HM488226.1	79.366	10308	2086	33	1	10283	97	10388	0.0	7214
query	HM488225.1	79.366	10308	2086	33	1	10283	96	10387	0.0	7214
query	JX041630.1	79.345	10317	2092	26	1	10293	97	10398	0.0	7212
query	KX394397.1	79.349	10319	2088	35	1	10293	75	10376	0.0	7210
query	DQ431703.1	79.348	10309	2086	34	1	10283	1	10292	0.0	7210
query	AF260969.1	79.339	10314	2098	23	1	10293	97	10398	0.0	7210
query	KX547590.1	79.343	10316	2092	31	1	10292	64	10364	0.0	7208
query	KX547553.1	79.343	10316	2092	31	1	10292	64	10364	0.0	7208
query	KX547369.1	79.339	10314	2096	28	1	10292	64	10364	0.0	7208
query	KX547366.1	79.343	10316	2092	31	1	10292	64	10364	0.0	7208
query	KX547363.1	79.356	10308	2087	33	1	10283	64	10355	0.0	7208
query	KX547308.1	79.341	10315	2094	29	1	10292	64	10364	0.0	7208
query	KX547276.1	79.350	10305	2093	28	1	10283	64	10355	0.0	7208
query	KX547218.1	79.358	10309	2085	35	1	10283	64	10355	0.0	7208
query	KJ786936.1	79.358	10309	2085	35	1	10283	96	10387	0.0	7208
query	KJ501534.1	79.339	10314	2096	28	1	10292	97	10397	0.0	7208
query	KJ501471.1	79.358	10309	2085	35	1	10283	97	10388	0.0	7208
query	KJ501389.1	79.347	10318	2088	35	1	10292	71	10371	0.0	7208
query	KC736489.1	79.360	10310	2083	37	1	10283	97	10388	0.0	7208
query	JF957168.1	79.358	10309	2085	35	1	10283	97	10388	0.0	7208
query	JF488086.1	79.354	10307	2089	31	1	10283	97	10388	0.0	7208
query	HM488165.1	79.348	10304	2095	26	1	10283	97	10388	0.0	7208
query	HM756660.1	79.350	10305	2093	28	1	10283	94	10385	0.0	7208
query	HM488244.1	79.348	10304	2095	26	1	10283	97	10388	0.0	7208
query	HM488229.1	79.356	10308	2087	33	1	10283	141	10432	0.0	7208
query	HM488212.1	79.345	10317	2090	33	1	10292	140	10440	0.0	7208
query	HM488190.1	79.356	10308	2087	33	1	10283	93	10384	0.0	7208
query	HM488185.1	79.358	10309	2085	35	1	10283	96	10387	0.0	7208
query	DQ666451.1	79.356	10308	2087	33	1	10283	97	10388	0.0	7208
query	DQ164191.1	79.345	10317	2090	33	1	10292	97	10397	0.0	7208
query	KX394410.1	79.339	10319	2089	35	1	10293	75	10376	0.0	7206
query	KT934804.1	79.345	10322	2083	41	1	10293	1	10302	0.0	7206
query	KX394407.1	79.339	10319	2089	35	1	10293	75	10376	0.0	7204
query	KX394405.1	79.339	10319	2089	35	1	10293	75	10376	0.0	7204
query	KX394403.1	79.339	10319	2089	35	1	10293	75	10376	0.0	7204
query	KX394393.1	79.339	10319	2089	35	1	10293	75	10376	0.0	7204
query	KX394392.1	79.339	10319	2089	35	1	10293	75	10376	0.0	7204
query	KT934802.1	79.349	10324	2079	43	1	10293	1	10302	0.0	7204
query	JX041629.1	79.335	10317	2093	26	1	10293	97	10398	0.0	7204
query	AY490240.2	79.335	10317	2093	26	1	10293	97	10398	0.0	7204
query	AY274504.1	79.339	10319	2089	35	1	10293	97	10398	0.0	7204
query	AY278442.1	79.335	10317	2093	26	1	10293	97	10398	0.0	7204
query	KX547574.1	79.348	10309	2086	35	1	10283	64	10355	0.0	7203
query	KX547545.1	79.327	10313	2099	26	1	10292	64	10364	0.0	7203
query	KX547521.1	79.333	10316	2093	31	1	10292	64	10364	0.0	7203
query	KX547517.1	79.336	10303	2098	24	1	10283	64	10355	0.0	7203
query	KX547401.1	79.344	10307	2090	30	1	10283	64	10355	0.0	7203
query	KX547396.1	79.333	10316	2093	31	1	10292	64	10364	0.0	7203
query	KX547392.1	79.333	10316	2093	31	1	10292	64	10364	0.0	7203
query	KX547313.1	79.348	10309	2086	35	1	10283	64	10355	0.0	7203
query	KX547303.1	79.333	10316	2093	31	1	10292	64	10364	0.0	7203
query	KX547216.1	79.329	10314	2097	28	1	10292	64	10364	0.0	7203
query	KM012182.1	79.348	10309	2086	35	1	10283	97	10388	0.0	7203
query	KR868734.1	79.348	10309	2086	35	1	10283	97	10388	0.0	7203
query	KJ501539.1	79.329	10314	2097	28	1	10292	98	10398	0.0	7203
query	KJ501488.1	79.346	10308	2088	33	1	10283	97	10388	0.0	7203
query	KJ501437.1	79.348	10309	2086	35	1	10283	97	10388	0.0	7203
query	KJ501430.1	79.337	10318	2089	35	1	10292	97	10397	0.0	7203
query	KJ501428.1	79.348	10309	2086	35	1	10283	97	10388	0.0	7203
query	KJ501331.1	79.346	10308	2088	33	1	10283	97	10388	0.0	7203
query	KJ501267.1	79.335	10317	2091	33	1	10292	62	10362	0.0	7203
query	KJ501236.1	79.348	10309	2086	35	1	10283	97	10388	0.0	7203
query	KC736488.1	79.350	10310	2084	37	1	10283	97	10388	0.0	7203
query	JF957174.1	79.348	10309	2086	35	1	10283	97	10388	0.0	7203
query	JF957172.1	79.348	10309	2086	35	1	10283	97	10388	0.0	7203
query	JF957162.1	79.348	10309	2086	35	1	10283	97	10388	0.0	7203
query	JN819309.1	79.346	10308	2088	33	1	10283	64	10355	0.0	7203
query	JF920760.1	79.333	10316	2093	31	1	10292	97	10397	0.0	7203
query	JF920743.1	79.346	10308	2088	33	1	10283	97	10388	0.0	7203
query	HQ671704.1	79.346	10308	2088	33	1	10283	97	10388	0.0	7203
query	HQ671700.1	79.344	10307	2090	31	1	10283	140	10431	0.0	7203
query	HM488146.1	79.346	10308	2088	33	1	10283	97	10388	0.0	7203
query	HM488145.1	79.346	10308	2088	33	1	10283	97	10388	0.0	7203
query	HM488192.1	79.338	10304	2096	26	1	10283	97	10388	0.0	7203
query	GU828004.1	79.346	10308	2088	33	1	10283	50	10341	0.0	7203
query	KX394406.1	79.329	10319	2090	35	1	10293	75	10376	0.0	7199
query	KX394402.1	79.325	10317	2094	33	1	10293	75	10376	0.0	7199
query	KX394398.1	79.329	10319	2090	35	1	10293	75	10376	0.0	7199
query	KX394395.1	79.335	10322	2084	40	1	10293	75	10376	0.0	7199
query	KC954092.1	79.319	10314	2100	23	1	10293	46	10347	0.0	7199
query	HM051416.1	79.329	10319	2090	31	1	10293	97	10398	0.0	7199
query	GQ507480.1	79.338	10309	2087	35	1	10283	1	10292	0.0	7199
query	HM152775.1	79.319	10314	2100	23	1	10293	73	10374	0.0	7199
query	AF317203.1	79.325	10317	2094	26	1	10293	65	10366	0.0	7199
query	KX547603.1	79.336	10308	2089	33	1	10283	64	10355	0.0	7197
query	KX547594.1	79.336	10308	2089	33	1	10283	64	10355	0.0	7197
query	KX547488.1	79.328	10304	2097	26	1	10283	64	10355	0.0	7197
query	KX547471.1	79.323	10316	2094	31	1	10292	64	10364	0.0	7197
query	KX547455.1	79.334	10307	2091	31	1	10283	64	10355	0.0	7197
query	KX547451.1	79.336	10308	2089	33	1	10283	64	10355	0.0	7197
query	KX547422.1	79.336	10308	2089	34	1	10283	64	10355	0.0	7197
query	KX547390.1	79.336	10308	2089	33	1	10283	64	10355	0.0	7197
query	KX547279.1	79.336	10308	2089	34	1	10283	64	10355	0.0	7197
query	KX547258.1	79.336	10308	2089	33	1	10283	64	10355	0.0	7197
query	KX547248.1	79.336	10308	2089	33	1	10283	64	10355	0.0	7197
query	KX547237.1	79.336	10308	2089	33	1	10283	64	10355	0.0	7197
query	KX547231.1	79.336	10308	2089	33	1	10283	64	10355	0.0	7197
query	KX547217.1	79.323	10316	2094	31	1	10292	64	10364	0.0	7197
query	KX547213.1	79.336	10308	2089	33	1	10283	64	10355	0.0	7197
query	KX547202.1	79.336	10308	2089	33	1	10283	64	10355	0.0	7197
query	KJ501521.1	79.338	10309	2087	35	1	10283	97	10388	0.0	7197
query	KJ501503.1	79.336	10308	2089	33	1	10283	97	10388	0.0	7197
query	KJ501458.1	79.336	10308	2089	33	1	10283	97	10388	0.0	7197
query	KJ501415.1	79.336	10308	2089	33	1	10283	97	10388	0.0	7197
query	KJ501409.1	79.338	10309	2087	35	1	10283	97	10388	0.0	7197
query	KJ501383.1	79.336	10308	2089	33	1	10283	97	10388	0.0	7197
query	KJ501348.1	79.338	10309	2087	35	1	10283	97	10388	0.0	7197
query	KJ501309.1	79.336	10308	2089	33	1	10283	97	10388	0.0	7197
query	KJ501303.1	79.336	10308	2089	33	1	10283	71	10362	0.0	7197
query	KJ501229.1	79.338	10309	2087	35	1	10283	97	10388	0.0	7197
query	KJ501224.1	79.338	10309	2087	35	1	10283	97	10388	0.0	7197
query	KJ145812.1	79.357	10289	2085	31	1	10265	97	10370	0.0	7197
query	KC736487.1	79.340	10310	2085	37	1	10283	97	10388	0.0	7197
query	JF415916.1	79.327	10318	2090	35	1	10292	97	10397	0.0	7197
query	JF920731.1	79.336	10308	2089	33	1	10283	96	10387	0.0	7197
query	HM488123.1	79.338	10309	2087	35	1	10283	96	10387	0.0	7197
query	HM488144.1	79.336	10308	2089	33	1	10283	97	10388	0.0	7197
query	HM756648.1	79.325	10317	2092	33	1	10292	97	10397	0.0	7197
query	HM488254.1	79.336	10308	2089	33	1	10283	97	10388	0.0	7197
query	HM488240.1	79.336	10308	2089	33	1	10283	97	10388	0.0	7197
query	HM488201.1	79.338	10309	2087	35	1	10283	141	10432	0.0	7197
query	HM488183.1	79.334	10307	2091	31	1	10283	97	10388	0.0	7197
query	GU828000.1	79.336	10308	2089	33	1	10283	49	10340	0.0	7197
query	GQ379159.1	79.329	10319	2088	37	1	10292	97	10397	0.0	7197
query	KX394400.1	79.316	10317	2095	33	1	10293	75	10376	0.0	7195
query	DQ431699.1	79.327	10308	2090	33	1	10283	1	10292	0.0	7195
query	DQ431696.1	79.327	10308	2090	33	1	10283	1	10292	0.0	7195
query	DQ431695.1	79.327	10308	2090	33	1	10283	1	10292	0.0	7195
query	AY277252.1	79.316	10317	2095	26	1	10293	97	10398	0.0	7195
query	KX394401.1	79.316	10317	2095	33	1	10293	75	10376	0.0	7193
query	KX394394.1	79.324	10321	2087	39	1	10293	75	10376	0.0	7193
query	JX041628.1	79.296	10317	2097	26	1	10293	97	10398	0.0	7193
query	KX547617.1	79.327	10308	2090	33	1	10283	64	10355	0.0	7191
query	KX547593.1	79.327	10308	2090	33	1	10283	64	10355	0.0	7191
query	KX547581.1	79.327	10308	2090	33	1	10283	64	10355	0.0	7191
query	KX547571.1	79.327	10308	2090	33	1	10283	64	10355	0.0	7191
query	KX547550.1	79.329	10309	2088	35	1	10283	64	10355	0.0	7191
query	KX547539.1	79.329	10309	2088	35	1	10283	64	10355	0.0	7191
query	KX547535.1	79.327	10308	2090	34	1	10283	64	10355	0.0	7191
query	KX547528.1	79.329	10309	2088	35	1	10283	64	10355	0.0	7191
query	KX547525.1	79.327	10308	2090	33	1	10283	64	10355	0.0	7191
query	KX547496.1	79.314	10316	2095	31	1	10292	64	10364	0.0	7191
query	KX547483.1	79.327	10308	2090	33	1	10283	64	10355	0.0	7191
query	KX547464.1	79.310	10314	2099	28	1	10292	64	10364	0.0	7191
query	KX547437.1	79.325	10307	2092	31	1	10283	64	10355	0.0	7191
query	KX547436.1	79.325	10307	2092	31	1	10283	64	10355	0.0	7191
query	KX547423.1	79.325	10307	2092	31	1	10283	64	10355	0.0	7191
query	KX547417.1	79.312	10315	2097	30	1	10292	64	10364	0.0	7191
query	KX547398.1	79.327	10308	2090	33	1	10283	64	10355	0.0	7191
query	KX547389.1	79.329	10309	2088	35	1	10283	64	10355	0.0	7191
query	KX547382.1	79.329	10309	2088	35	1	10283	64	10355	0.0	7191
query	KX547379.1	79.327	10308	2090	33	1	10283	64	10355	0.0	7191
query	KX547367.1	79.327	10308	2090	33	1	10283	64	10355	0.0	7191
query	KX547336.1	79.327	10308	2090	33	1	10283	64	10355	0.0	7191
query	KX547310.1	79.327	10308	2090	33	1	10283	64	10355	0.0	7191
query	KX547290.1	79.327	10308	2090	34	1	10283	64	10355	0.0	7191
query	KX547288.1	79.327	10308	2090	33	1	10283	64	10355	0.0	7191
query	KX547277.1	79.327	10308	2090	33	1	10283	64	10355	0.0	7191
query	KX547263.1	79.319	10304	2098	26	1	10283	64	10355	0.0	7191
query	KX547247.1	79.327	10308	2090	33	1	10283	64	10355	0.0	7191
query	KX547238.1	79.327	10308	2090	33	1	10283	64	10355	0.0	7191
query	KX547187.1	79.333	10311	2084	39	1	10283	64	10355	0.0	7191
query	KX547183.1	79.329	10309	2088	35	1	10283	64	10355	0.0	7191
query	KR348944.1	79.331	10310	2086	37	1	10283	1	10292	0.0	7191
query	KJ501538.1	79.312	10315	2097	30	1	10292	97	10397	0.0	7191
query	KJ501529.1	79.329	10309	2088	35	1	10283	97	10388	0.0	7191
query	KJ501481.1	79.327	10308	2090	33	1	10283	97	10388	0.0	7191
query	KJ501478.1	79.329	10309	2088	35	1	10283	97	10388	0.0	7191
query	KJ501456.1	79.325	10307	2092	31	1	10283	97	10388	0.0	7191
query	KJ501423.1	79.327	10308	2090	33	1	10283	97	10388	0.0	7191
query	KJ501420.1	79.318	10318	2091	35	1	10292	97	10397	0.0	7191
query	KJ501412.1	79.327	10308	2090	33	1	10283	97	10388	0.0	7191
query	KJ501411.1	79.327	10308	2090	33	1	10283	97	10388	0.0	7191
query	KJ501402.1	79.325	10307	2092	31	1	10283	97	10388	0.0	7191
query	KJ501391.1	79.318	10318	2091	35	1	10292	97	10397	0.0	7191
query	KJ501358.1	79.321	10305	2096	28	1	10283	97	10388	0.0	7191
query	KJ501326.1	79.329	10309	2088	35	1	10283	97	10388	0.0	7191
query	KJ501286.1	79.327	10308	2090	33	1	10283	97	10388	0.0	7191
query	KJ501284.1	79.327	10308	2090	33	1	10283	97	10388	0.0	7191
query	KJ501280.1	79.327	10308	2090	33	1	10283	97	10388	0.0	7191
query	KJ501273.1	79.327	10308	2090	33	1	10283	71	10362	0.0	7191
query	KJ501256.1	79.327	10308	2090	34	1	10283	97	10388	0.0	7191
query	KJ501237.1	79.327	10308	2090	33	1	10283	97	10388	0.0	7191
query	KJ501124.1	79.331	10310	2086	37	1	10283	71	10362	0.0	7191
query	KC736499.1	79.331	10310	2086	37	1	10283	97	10388	0.0	7191
query	JQ700442.1	79.310	10314	2099	29	1	10292	97	10397	0.0	7191
query	JF957184.1	79.327	10308	2090	33	1	10283	97	10388	0.0	7191
query	JN819320.1	79.329	10309	2088	35	1	10283	64	10355	0.0	7191
query	JN819306.1	79.327	10308	2090	33	1	10283	64	10355	0.0	7191
query	JF357960.1	79.327	10308	2090	33	1	10283	97	10388	0.0	7191
query	HQ705659.1	79.327	10308	2090	33	1	10283	8	10299	0.0	7191
query	HQ671724.1	79.325	10307	2092	31	1	10283	88	10379	0.0	7191
query	HM488124.1	79.329	10309	2088	35	1	10283	97	10388	0.0	7191
query	HM488122.1	79.327	10308	2090	33	1	10283	93	10384	0.0	7191
query	HM488162.1	79.329	10309	2088	35	1	10283	90	10381	0.0	7191
query	HM488154.1	79.327	10308	2090	33	1	10283	101	10392	0.0	7191
query	HM488153.1	79.327	10308	2090	33	1	10283	96	10387	0.0	7191
query	HM488152.1	79.327	10308	2090	33	1	10283	97	10388	0.0	7191
query	HM488151.1	79.327	10308	2090	33	1	10283	97	10388	0.0	7191
query	HM488150.1	79.327	10308	2090	33	1	10283	97	10388	0.0	7191
query	HM488121.1	79.327	10308	2090	33	1	10283	97	10388	0.0	7191
query	HM756667.1	79.327	10308	2090	33	1	10283	89	10380	0.0	7191
query	HM538580.1	79.327	10308	2090	33	1	10283	96	10387	0.0	7191
query	HM488250.1	79.327	10308	2090	33	1	10283	88	10379	0.0	7191
query	HM488238.1	79.327	10308	2090	33	1	10283	97	10388	0.0	7191
query	HM488187.1	79.327	10308	2090	33	1	10283	96	10387	0.0	7191
query	HM488179.1	79.327	10308	2090	33	1	10283	97	10388	0.0	7191
query	HM488178.1	79.327	10308	2090	33	1	10283	90	10381	0.0	7191
query	DQ431702.1	79.329	10309	2088	35	1	10283	1	10292	0.0	7191
query	DQ080052.1	79.329	10309	2088	35	1	10283	97	10388	0.0	7191
query	DQ080051.1	79.329	10309	2088	35	1	10283	97	10388	0.0	7191
query	DQ164205.1	79.327	10308	2090	33	1	10283	97	10388	0.0	7191
query	DQ164204.1	79.316	10317	2093	33	1	10292	97	10397	0.0	7191
query	DQ164199.1	79.327	10308	2090	33	1	10283	97	10388	0.0	7191
query	DQ164198.1	79.327	10308	2090	33	1	10283	97	10388	0.0	7191
query	KX394409.1	79.312	10320	2090	37	1	10293	75	10376	0.0	7190
query	KX394404.1	79.310	10319	2092	35	1	10293	75	10376	0.0	7188
query	KT934799.1	79.312	10320	2090	38	1	10293	1	10302	0.0	7188
query	KR348955.1	79.314	10316	2091	35	1	10290	1	10299	0.0	7188
query	KJ501477.1	79.317	10308	2091	33	1	10283	97	10388	0.0	7188
query	KJ501388.1	79.306	10317	2094	33	1	10292	97	10397	0.0	7188
query	KF647253.1	79.300	10314	2102	23	1	10293	42	10343	0.0	7188
query	JX556213.1	79.300	10314	2102	23	1	10293	5	10306	0.0	7188
query	AY268133.1	79.302	10315	2100	26	1	10293	77	10378	0.0	7188
query	KX547620.1	79.317	10308	2091	33	1	10283	64	10355	0.0	7186
query	KX547619.1	79.317	10308	2091	33	1	10283	64	10355	0.0	7186
query	KX547616.1	79.319	10309	2089	35	1	10283	64	10355	0.0	7186
query	KX547605.1	79.317	10308	2091	33	1	10283	64	10355	0.0	7186
query	KX547598.1	79.300	10314	2100	28	1	10292	64	10364	0.0	7186
query	KX547580.1	79.315	10307	2093	31	1	10283	64	10355	0.0	7186
query	KX547560.1	79.317	10308	2091	33	1	10283	64	10355	0.0	7186
query	KX547536.1	79.317	10308	2091	33	1	10283	64	10355	0.0	7186
query	KX547495.1	79.300	10314	2100	28	1	10292	64	10364	0.0	7186
query	KX547476.1	79.317	10308	2091	33	1	10283	64	10355	0.0	7186
query	KX547469.1	79.317	10308	2091	33	1	10283	64	10355	0.0	7186
query	KX547448.1	79.317	10308	2091	33	1	10283	64	10355	0.0	7186
query	KX547446.1	79.306	10317	2094	33	1	10292	64	10364	0.0	7186
query	KX547421.1	79.317	10308	2091	33	1	10283	64	10355	0.0	7186
query	KX547399.1	79.317	10308	2091	33	1	10283	64	10355	0.0	7186
query	KX547381.1	79.319	10309	2089	35	1	10283	64	10355	0.0	7186
query	KX547368.1	79.300	10314	2100	28	1	10292	64	10364	0.0	7186
query	KX547365.1	79.313	10306	2095	28	1	10283	64	10355	0.0	7186
query	KX547305.1	79.317	10308	2091	33	1	10283	64	10355	0.0	7186
query	KX547283.1	79.317	10308	2091	33	1	10283	64	10355	0.0	7186
query	KX547282.1	79.308	10318	2092	35	1	10292	64	10364	0.0	7186
query	KX547249.1	79.309	10304	2099	26	1	10283	64	10355	0.0	7186
query	KX547205.1	79.317	10308	2091	33	1	10283	64	10355	0.0	7186
query	KX547204.1	79.317	10308	2091	33	1	10283	64	10355	0.0	7186
query	KX547178.1	79.317	10308	2091	33	1	10283	64	10355	0.0	7186
query	KM012173.1	79.309	10304	2099	26	1	10283	97	10388	0.0	7186
query	KR348937.1	79.321	10310	2087	37	1	10283	1	10292	0.0	7186
query	KR348919.1	79.319	10309	2089	35	1	10283	1	10292	0.0	7186
query	KJ786935.1	79.317	10308	2091	33	1	10283	96	10387	0.0	7186
query	KJ501506.1	79.317	10308	2091	33	1	10283	97	10388	0.0	7186
query	KJ501485.1	79.319	10309	2089	35	1	10283	97	10388	0.0	7186
query	KJ501446.1	79.304	10316	2096	31	1	10292	97	10397	0.0	7186
query	KJ501431.1	79.319	10309	2089	35	1	10283	71	10362	0.0	7186
query	KJ501429.1	79.308	10318	2092	35	1	10292	97	10397	0.0	7186
query	KJ501403.1	79.317	10308	2091	33	1	10283	97	10388	0.0	7186
query	KJ501390.1	79.317	10308	2091	33	1	10283	97	10388	0.0	7186
query	KJ501387.1	79.319	10309	2089	35	1	10283	97	10388	0.0	7186
query	KJ501377.1	79.317	10308	2091	33	1	10283	97	10388	0.0	7186
query	KJ501341.1	79.306	10317	2094	33	1	10292	70	10370	0.0	7186
query	KJ501337.1	79.317	10308	2091	33	1	10283	97	10388	0.0	7186
query	KJ501328.1	79.317	10308	2091	33	1	10283	97	10388	0.0	7186
query	KJ501300.1	79.306	10317	2094	33	1	10292	97	10397	0.0	7186
query	KJ501292.1	79.317	10308	2091	33	1	10283	97	10388	0.0	7186
query	KJ501287.1	79.317	10308	2091	33	1	10283	97	10388	0.0	7186
query	KJ501271.1	79.317	10308	2091	33	1	10283	97	10388	0.0	7186
query	KJ501255.1	79.317	10308	2091	33	1	10283	71	10362	0.0	7186
query	KJ501218.1	79.317	10308	2091	33	1	10283	97	10388	0.0	7186
query	KJ501117.1	79.321	10310	2087	37	1	10283	97	10388	0.0	7186
query	KJ501108.1	79.308	10318	2092	35	1	10292	87	10387	0.0	7186
query	KJ501099.1	79.319	10309	2089	35	1	10283	97	10388	0.0	7186
query	KJ145828.1	79.307	10303	2101	24	1	10283	94	10385	0.0	7186
query	KC333380.1	79.317	10308	2091	33	1	10283	67	10358	0.0	7186
query	KC333378.1	79.321	10310	2087	37	1	10283	60	10351	0.0	7186
query	KC333377.1	79.317	10308	2091	33	1	10283	53	10344	0.0	7186
query	JF957180.1	79.317	10308	2091	33	1	10283	97	10388	0.0	7186
query	JF957166.1	79.319	10309	2089	35	1	10283	97	10388	0.0	7186
query	JF957161.1	79.308	10318	2092	35	1	10292	97	10397	0.0	7186
query	JN819321.1	79.319	10309	2089	35	1	10283	64	10355	0.0	7186
query	JN183887.1	79.317	10308	2091	33	1	10283	88	10379	0.0	7186
query	JN367277.1	79.317	10308	2091	33	1	10283	88	10379	0.0	7186
query	JF415925.1	79.317	10308	2091	33	1	10283	97	10388	0.0	7186
query	JF415922.1	79.315	10307	2093	31	1	10283	97	10388	0.0	7186
query	JF920758.1	79.317	10308	2091	33	1	10283	97	10388	0.0	7186
query	JF920750.1	79.315	10307	2093	30	1	10283	97	10388	0.0	7186
query	HM488170.1	79.317	10308	2091	33	1	10283	97	10388	0.0	7186
query	HM488169.1	79.317	10308	2091	33	1	10283	97	10388	0.0	7186
query	HM488168.1	79.317	10308	2091	33	1	10283	97	10388	0.0	7186
query	HM488164.1	79.304	10316	2096	31	1	10292	97	10397	0.0	7186
query	HM488149.1	79.319	10309	2089	35	1	10283	97	10388	0.0	7186
query	HM488141.1	79.317	10308	2091	33	1	10283	96	10387	0.0	7186
query	HM488139.1	79.317	10308	2091	33	1	10283	94	10385	0.0	7186
query	HM488138.1	79.319	10309	2089	35	1	10283	97	10388	0.0	7186
query	HM488119.1	79.317	10308	2091	33	1	10283	97	10388	0.0	7186
query	HM488118.1	79.317	10308	2091	33	1	10283	97	10388	0.0	7186
query	HM488117.1	79.317	10308	2091	33	1	10283	97	10388	0.0	7186
query	HM488115.1	79.317	10308	2091	33	1	10283	97	10388	0.0	7186
query	HM488114.1	79.317	10308	2091	33	1	10283	97	10388	0.0	7186
query	HM756676.1	79.317	10308	2091	33	1	10283	96	10387	0.0	7186
query	HM756670.1	79.317	10308	2091	33	1	10283	88	10379	0.0	7186
query	HM756651.1	79.317	10308	2091	33	1	10283	92	10383	0.0	7186
query	HM756649.1	79.317	10308	2091	33	1	10283	97	10388	0.0	7186
query	HM488241.1	79.315	10307	2093	31	1	10283	97	10388	0.0	7186
query	HM488219.1	79.317	10308	2091	33	1	10283	139	10430	0.0	7186
query	HM488216.1	79.317	10308	2091	33	1	10283	97	10388	0.0	7186
query	HM488211.1	79.319	10309	2089	35	1	10283	97	10388	0.0	7186
query	HM488197.1	79.317	10308	2091	33	1	10283	96	10387	0.0	7186
query	HM488186.1	79.317	10308	2091	33	1	10283	97	10388	0.0	7186
query	HM488184.1	79.317	10308	2091	33	1	10283	97	10388	0.0	7186
query	HM488177.1	79.321	10310	2087	37	1	10283	97	10388	0.0	7186
query	EU155484.1	79.317	10308	2091	33	1	10283	97	10388	0.0	7186
query	DQ080059.1	79.317	10308	2091	33	1	10283	97	10388	0.0	7186
query	DQ164193.1	79.317	10308	2091	33	1	10283	97	10388	0.0	7186
query	GQ507469.1	79.309	10309	2090	35	1	10283	1	10292	0.0	7184
query	DQ431705.1	79.309	10309	2090	35	1	10283	1	10292	0.0	7184
query	DQ431694.1	79.309	10309	2090	35	1	10283	1	10292	0.0	7184
query	KX394408.1	79.300	10319	2093	35	1	10293	75	10376	0.0	7182
query	KX394399.1	79.300	10319	2093	36	1	10293	75	10376	0.0	7182
query	KX394388.1	79.302	10320	2091	37	1	10293	75	10376	0.0	7182
query	KX394387.1	79.302	10320	2091	37	1	10293	75	10376	0.0	7182
query	KX394384.1	79.302	10320	2091	37	1	10293	75	10376	0.0	7182
query	KR348928.1	79.304	10316	2092	35	1	10290	1	10299	0.0	7182
query	KJ958922.1	79.290	10314	2103	23	1	10293	94	10395	0.0	7182
query	KJ501469.1	79.309	10309	2090	35	1	10283	97	10388	0.0	7182
query	AY274505.1	79.300	10319	2093	35	1	10293	97	10398	0.0	7182
query	DQ164200.1	79.307	10308	2092	33	1	10283	97	10388	0.0	7182
query	DQ164186.1	79.307	10308	2092	33	1	10283	97	10388	0.0	7182
query	KX547614.1	79.307	10308	2092	33	1	10283	64	10355	0.0	7180
query	KX547613.1	79.305	10307	2094	31	1	10283	64	10355	0.0	7180
query	KX547591.1	79.307	10308	2092	33	1	10283	64	10355	0.0	7180
query	KX547573.1	79.307	10308	2092	33	1	10283	64	10355	0.0	7180
query	KX547549.1	79.313	10311	2086	37	1	10283	64	10355	0.0	7180
query	KX547546.1	79.311	10310	2088	37	1	10283	64	10355	0.0	7180
query	KX547537.1	79.307	10308	2092	34	1	10283	64	10355	0.0	7180
query	KX547506.1	79.307	10308	2092	33	1	10283	64	10355	0.0	7180
query	KX547505.1	79.307	10308	2092	33	1	10283	64	10355	0.0	7180
query	KX547503.1	79.307	10308	2092	33	1	10283	64	10355	0.0	7180
query	KX547500.1	79.307	10308	2092	34	1	10283	64	10355	0.0	7180
query	KX547499.1	79.307	10308	2092	33	1	10283	64	10355	0.0	7180
query	KX547498.1	79.294	10316	2097	31	1	10292	64	10364	0.0	7180
query	KX547494.1	79.297	10303	2102	24	1	10283	64	10355	0.0	7180
query	KX547475.1	79.309	10309	2090	35	1	10283	64	10355	0.0	7180
query	KX547450.1	79.309	10309	2090	35	1	10283	64	10355	0.0	7180
query	KX547431.1	79.309	10309	2090	36	1	10283	64	10355	0.0	7180
query	KX547426.1	79.309	10309	2090	35	1	10283	64	10355	0.0	7180
query	KX547420.1	79.307	10308	2092	33	1	10283	64	10355	0.0	7180
query	KX547375.1	79.309	10309	2090	35	1	10283	64	10355	0.0	7180
query	KX547356.1	79.309	10309	2090	35	1	10283	64	10355	0.0	7180
query	KX547355.1	79.307	10308	2092	33	1	10283	64	10355	0.0	7180
query	KX547341.1	79.298	10318	2093	35	1	10292	64	10364	0.0	7180
query	KX547339.1	79.307	10308	2092	33	1	10283	64	10355	0.0	7180
query	KX547329.1	79.309	10309	2090	35	1	10283	64	10355	0.0	7180
query	KX547326.1	79.307	10308	2092	33	1	10283	64	10355	0.0	7180
query	KX547314.1	79.307	10308	2092	33	1	10283	64	10355	0.0	7180
query	KX547281.1	79.307	10308	2092	33	1	10283	64	10355	0.0	7180
query	KX547271.1	79.307	10308	2092	33	1	10283	64	10355	0.0	7180
query	KX547270.1	79.307	10308	2092	33	1	10283	64	10355	0.0	7180
query	KX547264.1	79.298	10318	2093	35	1	10292	64	10364	0.0	7180
query	KX547262.1	79.307	10308	2092	33	1	10283	64	10355	0.0	7180
query	KX547246.1	79.307	10308	2092	33	1	10283	64	10355	0.0	7180
query	KX547207.1	79.307	10308	2092	33	1	10283	64	10355	0.0	7180
query	KX547169.1	79.309	10309	2090	35	1	10283	64	10355	0.0	7180
query	KX547166.1	79.307	10308	2092	33	1	10283	64	10355	0.0	7180
query	KX547165.1	79.305	10307	2094	31	1	10283	64	10355	0.0	7180
query	KM012185.1	79.313	10311	2086	39	1	10283	97	10388	0.0	7180
query	KR348940.1	79.311	10310	2088	37	1	10283	1	10292	0.0	7180
query	KJ501535.1	79.307	10308	2092	34	1	10283	97	10388	0.0	7180
query	KJ501514.1	79.307	10308	2092	33	1	10283	97	10388	0.0	7180
query	KJ501509.1	79.307	10308	2092	33	1	10283	97	10388	0.0	7180
query	KJ501507.1	79.309	10309	2090	35	1	10283	97	10388	0.0	7180
query	KJ501482.1	79.309	10309	2090	35	1	10283	97	10388	0.0	7180
query	KJ501476.1	79.307	10308	2092	33	1	10283	97	10388	0.0	7180
query	KJ501464.1	79.307	10308	2092	33	1	10283	97	10388	0.0	7180
query	KJ501461.1	79.307	10308	2092	33	1	10283	97	10388	0.0	7180
query	KJ501454.1	79.307	10308	2092	33	1	10283	97	10388	0.0	7180
query	KJ501424.1	79.315	10312	2084	40	1	10283	97	10388	0.0	7180
query	KJ501386.1	79.311	10310	2088	36	1	10283	97	10388	0.0	7180
query	KJ501384.1	79.305	10307	2094	32	1	10283	97	10388	0.0	7180
query	KJ501372.1	79.307	10308	2092	33	1	10283	97	10388	0.0	7180
query	KJ501368.1	79.307	10308	2092	33	1	10283	71	10362	0.0	7180
query	KJ501352.1	79.307	10308	2092	33	1	10283	97	10388	0.0	7180
query	KJ501347.1	79.296	10317	2095	33	1	10292	94	10394	0.0	7180
query	KJ501346.1	79.299	10304	2100	26	1	10283	97	10388	0.0	7180
query	KJ501339.1	79.307	10308	2092	33	1	10283	97	10388	0.0	7180
query	KJ501336.1	79.307	10308	2092	33	1	10283	97	10388	0.0	7180
query	KJ501312.1	79.299	10304	2100	26	1	10283	97	10388	0.0	7180
query	KJ501298.1	79.309	10309	2090	35	1	10283	97	10388	0.0	7180
query	KJ501296.1	79.307	10308	2092	33	1	10283	97	10388	0.0	7180
query	KJ501285.1	79.296	10317	2095	33	1	10292	97	10397	0.0	7180
query	KJ501283.1	79.307	10308	2092	33	1	10283	71	10362	0.0	7180
query	KJ501262.1	79.307	10308	2092	33	1	10283	97	10388	0.0	7180
query	KJ501257.1	79.307	10308	2092	33	1	10283	97	10388	0.0	7180
query	KJ501247.1	79.307	10308	2092	33	1	10283	97	10388	0.0	7180
query	KJ501222.1	79.309	10309	2090	35	1	10283	97	10388	0.0	7180
query	KJ501120.1	79.311	10310	2088	37	1	10283	97	10388	0.0	7180
query	KJ501118.1	79.311	10310	2088	37	1	10283	71	10362	0.0	7180
query	KF704147.1	79.313	10311	2086	38	1	10283	84	10375	0.0	7180
query	KJ145832.1	79.313	10311	2086	39	1	10283	97	10388	0.0	7180
query	KC333376.1	79.303	10306	2096	30	1	10283	77	10368	0.0	7180
query	JF957171.1	79.298	10318	2093	35	1	10292	97	10397	0.0	7180
query	JX015516.1	79.298	10318	2093	35	1	10292	80	10380	0.0	7180
query	JN819323.1	79.307	10308	2092	33	1	10283	64	10355	0.0	7180
query	JN819319.1	79.311	10310	2088	37	1	10283	64	10355	0.0	7180
query	JF707789.1	79.299	10304	2100	23	1	10283	29	10320	0.0	7180
query	JN183891.1	79.307	10308	2092	33	1	10283	97	10388	0.0	7180
query	JF703163.1	79.331	10291	2084	36	1	10265	97	10370	0.0	7180
query	JF415923.1	79.307	10308	2092	33	1	10283	96	10387	0.0	7180
query	JF415920.1	79.309	10309	2090	35	1	10283	97	10388	0.0	7180
query	JF920730.1	79.307	10308	2092	33	1	10283	96	10387	0.0	7180
query	JF488095.1	79.311	10310	2088	37	1	10283	97	10388	0.0	7180
query	JF488094.1	79.307	10308	2092	33	1	10283	97	10388	0.0	7180
query	HQ705678.1	79.307	10308	2092	33	1	10283	89	10380	0.0	7180
query	HQ705677.1	79.307	10308	2092	33	1	10283	88	10379	0.0	7180
query	HQ671695.1	79.307	10308	2092	33	1	10283	64	10355	0.0	7180
query	HQ671694.1	79.307	10308	2092	33	1	10283	88	10379	0.0	7180
query	HQ671693.1	79.307	10308	2092	33	1	10283	89	10380	0.0	7180
query	HQ671727.1	79.309	10309	2090	35	1	10283	28	10319	0.0	7180
query	HQ671701.1	79.307	10308	2092	33	1	10283	92	10383	0.0	7180
query	HQ671699.1	79.307	10308	2092	33	1	10283	129	10420	0.0	7180
query	GQ507471.1	79.298	10318	2093	35	1	10292	1	10301	0.0	7180
query	GQ507470.1	79.298	10318	2093	35	1	10292	1	10301	0.0	7180
query	HM488163.1	79.305	10307	2094	31	1	10283	97	10388	0.0	7180
query	HM488157.1	79.307	10308	2092	33	1	10283	97	10388	0.0	7180
query	HM488148.1	79.307	10308	2092	33	1	10283	97	10388	0.0	7180
query	HM488143.1	79.309	10309	2090	35	1	10283	97	10388	0.0	7180
query	HM488120.1	79.307	10308	2092	33	1	10283	97	10388	0.0	7180
query	HM756671.1	79.307	10308	2092	33	1	10283	88	10379	0.0	7180
query	HM756666.1	79.307	10308	2092	33	1	10283	90	10381	0.0	7180
query	HM756658.1	79.296	10317	2095	33	1	10292	88	10388	0.0	7180
query	HM488251.1	79.313	10311	2086	37	1	10283	88	10379	0.0	7180
query	HM488234.1	79.300	10319	2091	37	1	10292	97	10397	0.0	7180
query	HM488227.1	79.307	10308	2092	33	1	10283	131	10422	0.0	7180
query	HM488214.1	79.307	10308	2092	33	1	10283	97	10388	0.0	7180
query	HM488208.1	79.307	10308	2092	33	1	10283	123	10414	0.0	7180
query	HM488205.1	79.305	10307	2094	31	1	10283	97	10388	0.0	7180
query	HM488203.1	79.296	10317	2095	33	1	10292	97	10397	0.0	7180
query	HM488202.1	79.307	10308	2092	33	1	10283	97	10388	0.0	7180
query	GU828003.1	79.307	10308	2092	33	1	10283	50	10341	0.0	7180
query	DQ666448.1	79.309	10309	2090	35	1	10283	97	10388	0.0	7180
query	AY712948.1	79.300	10319	2091	36	1	10292	97	10397	0.0	7180
query	DQ080053.1	79.309	10309	2090	35	1	10283	97	10388	0.0	7180
query	DQ164190.1	79.307	10308	2092	33	1	10283	97	10388	0.0	7180
query	AY795965.1	79.307	10308	2092	33	1	10283	97	10388	0.0	7180
query	KX394389.1	79.293	10320	2092	37	1	10293	75	10376	0.0	7179
query	KJ501520.1	79.279	10313	2104	26	1	10292	97	10397	0.0	7179
query	KX394411.1	79.295	10321	2090	39	1	10293	75	10376	0.0	7177
query	KX394391.1	79.295	10321	2090	39	1	10293	75	10376	0.0	7177
query	KX394390.1	79.295	10321	2090	39	1	10293	75	10376	0.0	7177
query	KT934800.1	79.299	10323	2086	42	1	10293	1	10302	0.0	7177
query	KF823807.1	79.312	10286	2095	23	1	10265	51	10324	0.0	7177
query	GQ507468.1	79.302	10310	2089	37	1	10283	1	10292	0.0	7177
query	GU828001.1	79.298	10308	2093	33	1	10283	49	10340	0.0	7177
query	DQ431711.1	79.300	10309	2091	35	1	10283	1	10292	0.0	7177
query	DQ411031.1	79.279	10313	2106	23	1	10293	74	10375	0.0	7177
query	DQ411030.1	79.279	10313	2106	21	1	10293	74	10375	0.0	7177
query	KY216153.1	79.302	10310	2089	37	1	10283	90	10381	0.0	7175
query	KX547621.1	79.298	10308	2093	33	1	10283	64	10355	0.0	7175
query	KX547615.1	79.298	10308	2093	33	1	10283	64	10355	0.0	7175
query	KX547566.1	79.298	10308	2093	33	1	10283	64	10355	0.0	7175
query	KX547564.1	79.298	10308	2093	34	1	10283	64	10355	0.0	7175
query	KX547547.1	79.298	10308	2093	33	1	10283	64	10355	0.0	7175
query	KX547540.1	79.298	10308	2093	33	1	10283	64	10355	0.0	7175
query	KX547527.1	79.298	10308	2093	33	1	10283	64	10355	0.0	7175
query	KX547523.1	79.298	10308	2093	33	1	10283	64	10355	0.0	7175
query	KX547518.1	79.290	10304	2101	26	1	10283	64	10355	0.0	7175
query	KX547513.1	79.298	10308	2093	33	1	10283	64	10355	0.0	7175
query	KX547489.1	79.298	10308	2093	33	1	10283	64	10355	0.0	7175
query	KX547472.1	79.298	10308	2093	33	1	10283	64	10355	0.0	7175
query	KX547470.1	79.300	10309	2091	35	1	10283	64	10355	0.0	7175
query	KX547463.1	79.298	10308	2093	33	1	10283	64	10355	0.0	7175
query	KX547459.1	79.287	10317	2096	33	1	10292	64	10364	0.0	7175
query	KX547445.1	79.300	10309	2091	35	1	10283	64	10355	0.0	7175
query	KX547439.1	79.298	10308	2093	33	1	10283	64	10355	0.0	7175
query	KX547433.1	79.300	10309	2091	35	1	10283	64	10355	0.0	7175
query	KX547416.1	79.298	10308	2093	33	1	10283	64	10355	0.0	7175
query	KX547412.1	79.298	10308	2093	33	1	10283	64	10355	0.0	7175
query	KX547403.1	79.298	10308	2093	33	1	10283	64	10355	0.0	7175
query	KX547395.1	79.298	10308	2093	34	1	10283	64	10355	0.0	7175
query	KX547394.1	79.298	10308	2093	33	1	10283	64	10355	0.0	7175
query	KX547385.1	79.300	10309	2091	35	1	10283	64	10355	0.0	7175
query	KX547383.1	79.298	10308	2093	32	1	10283	64	10355	0.0	7175
query	KX547374.1	79.298	10308	2093	34	1	10283	64	10355	0.0	7175
query	KX547361.1	79.298	10308	2093	33	1	10283	64	10355	0.0	7175
query	KX547357.1	79.320	10290	2087	33	1	10265	64	10337	0.0	7175
query	KX547354.1	79.298	10308	2093	33	1	10283	64	10355	0.0	7175
query	KX547352.1	79.300	10309	2091	35	1	10283	64	10355	0.0	7175
query	KX547350.1	79.300	10309	2091	35	1	10283	64	10355	0.0	7175
query	KX547338.1	79.298	10308	2093	33	1	10283	64	10355	0.0	7175
query	KX547331.1	79.298	10308	2093	33	1	10283	64	10355	0.0	7175
query	KX547319.1	79.298	10308	2093	33	1	10283	64	10355	0.0	7175
query	KX547312.1	79.300	10309	2091	35	1	10283	64	10355	0.0	7175
query	KX547255.1	79.298	10308	2093	33	1	10283	64	10355	0.0	7175
query	KX547241.1	79.290	10304	2101	26	1	10283	64	10355	0.0	7175
query	KX547235.1	79.296	10307	2095	32	1	10283	64	10355	0.0	7175
query	KX547224.1	79.300	10309	2091	35	1	10283	64	10355	0.0	7175
query	KX547188.1	79.298	10308	2093	33	1	10283	64	10355	0.0	7175
query	KX547180.1	79.300	10309	2091	35	1	10283	64	10355	0.0	7175
query	KX547176.1	79.302	10310	2089	37	1	10283	64	10355	0.0	7175
query	KX547170.1	79.298	10308	2093	33	1	10283	64	10355	0.0	7175
query	KR348942.1	79.304	10311	2087	39	1	10283	1	10292	0.0	7175
query	KR348921.1	79.300	10309	2091	35	1	10283	1	10292	0.0	7175
query	KJ501536.1	79.298	10308	2093	34	1	10283	98	10389	0.0	7175
query	KJ501526.1	79.300	10309	2091	35	1	10283	71	10362	0.0	7175
query	KJ501518.1	79.304	10311	2087	39	1	10283	97	10388	0.0	7175
query	KJ501510.1	79.298	10308	2093	33	1	10283	97	10388	0.0	7175
query	KJ501498.1	79.296	10307	2095	31	1	10283	97	10388	0.0	7175
query	KJ501495.1	79.287	10317	2096	33	1	10292	97	10397	0.0	7175
query	KJ501487.1	79.298	10308	2093	33	1	10283	97	10388	0.0	7175
query	KJ501470.1	79.300	10309	2091	35	1	10283	97	10388	0.0	7175
query	KJ501447.1	79.298	10308	2093	33	1	10283	97	10388	0.0	7175
query	KJ501427.1	79.287	10317	2096	33	1	10292	97	10397	0.0	7175
query	KJ501425.1	79.298	10308	2093	33	1	10283	97	10388	0.0	7175
query	KJ501421.1	79.298	10308	2093	33	1	10283	97	10388	0.0	7175
query	KJ501401.1	79.298	10308	2093	33	1	10283	97	10388	0.0	7175
query	KJ501399.1	79.298	10308	2093	33	1	10283	97	10388	0.0	7175
query	KJ501376.1	79.302	10310	2089	36	1	10283	97	10388	0.0	7175
query	KJ501371.1	79.298	10308	2093	33	1	10283	97	10388	0.0	7175
query	KJ501370.1	79.298	10308	2093	33	1	10283	97	10388	0.0	7175
query	KJ501359.1	79.298	10308	2093	33	1	10283	97	10388	0.0	7175
query	KJ501355.1	79.298	10308	2093	33	1	10283	97	10388	0.0	7175
query	KJ501349.1	79.292	10305	2099	28	1	10283	97	10388	0.0	7175
query	KJ501329.1	79.289	10318	2094	35	1	10292	97	10397	0.0	7175
query	KJ501322.1	79.298	10308	2093	33	1	10283	97	10388	0.0	7175
query	KJ501308.1	79.300	10309	2091	35	1	10283	94	10385	0.0	7175
query	KJ501304.1	79.298	10308	2093	33	1	10283	97	10388	0.0	7175
query	KJ501302.1	79.298	10308	2093	33	1	10283	97	10388	0.0	7175
query	KJ501297.1	79.300	10309	2091	35	1	10283	97	10388	0.0	7175
query	KJ501276.1	79.293	10320	2090	39	1	10292	97	10397	0.0	7175
query	KJ501272.1	79.298	10308	2093	33	1	10283	97	10388	0.0	7175
query	KJ501249.1	79.298	10308	2093	33	1	10283	97	10388	0.0	7175
query	KJ501246.1	79.298	10308	2093	33	1	10283	97	10388	0.0	7175
query	KJ501245.1	79.298	10308	2093	33	1	10283	97	10388	0.0	7175
query	KJ501244.1	79.298	10308	2093	33	1	10283	97	10388	0.0	7175
query	KJ501243.1	79.298	10308	2093	33	1	10283	97	10388	0.0	7175
query	KJ501242.1	79.291	10319	2092	36	1	10292	71	10371	0.0	7175
query	KJ501240.1	79.288	10308	2094	33	1	10283	97	10388	0.0	7175
query	KJ501239.1	79.300	10309	2091	35	1	10283	71	10362	0.0	7175
query	KJ501122.1	79.304	10311	2087	39	1	10283	97	10388	0.0	7175
query	KJ501101.1	79.300	10309	2091	35	1	10283	71	10362	0.0	7175
query	KC711058.1	79.302	10310	2089	37	1	10283	97	10388	0.0	7175
query	JF957167.1	79.300	10309	2091	35	1	10283	97	10388	0.0	7175
query	JF957163.1	79.302	10310	2089	37	1	10283	97	10388	0.0	7175
query	JN819318.1	79.298	10308	2093	33	1	10283	64	10355	0.0	7175
query	JN819307.1	79.298	10308	2093	33	1	10283	64	10355	0.0	7175
query	JN819305.1	79.298	10308	2093	33	1	10283	172	10463	0.0	7175
query	JN183889.1	79.298	10308	2093	33	1	10283	97	10388	0.0	7175
query	JF415928.1	79.296	10307	2095	31	1	10283	97	10388	0.0	7175
query	JF415914.1	79.279	10313	2104	26	1	10292	97	10397	0.0	7175
query	HQ671723.1	79.296	10307	2095	31	1	10283	88	10379	0.0	7175
query	HQ671705.1	79.302	10310	2089	36	1	10283	88	10379	0.0	7175
query	HM488161.1	79.296	10307	2095	31	1	10283	97	10388	0.0	7175
query	HM488158.1	79.302	10310	2089	36	1	10283	96	10387	0.0	7175
query	HM488156.1	79.302	10310	2089	36	1	10283	97	10388	0.0	7175
query	HM756657.1	79.298	10308	2093	33	1	10283	88	10379	0.0	7175
query	HM756652.1	79.298	10308	2093	33	1	10283	95	10386	0.0	7175
query	HM488233.1	79.291	10319	2092	37	1	10292	97	10397	0.0	7175
query	HM488213.1	79.298	10308	2093	33	1	10283	97	10388	0.0	7175
query	HM488207.1	79.298	10308	2093	33	1	10283	97	10388	0.0	7175
query	HM488206.1	79.298	10308	2093	34	1	10283	97	10388	0.0	7175
query	HM488204.1	79.298	10308	2093	33	1	10283	97	10388	0.0	7175
query	HM488196.1	79.293	10320	2090	38	1	10292	97	10397	0.0	7175
query	HM488191.1	79.302	10310	2089	37	1	10283	97	10388	0.0	7175
query	HM488189.1	79.300	10309	2091	35	1	10283	97	10388	0.0	7175
query	HM488188.1	79.298	10308	2093	33	1	10283	97	10388	0.0	7175
query	GU827999.1	79.298	10308	2093	33	1	10283	62	10353	0.0	7175
query	DQ431704.1	79.290	10309	2092	35	1	10283	1	10292	0.0	7175
query	AY712947.1	79.298	10308	2093	33	1	10283	97	10388	0.0	7175
query	DQ080061.1	79.300	10309	2091	35	1	10283	68	10359	0.0	7175
query	DQ164197.1	79.298	10308	2093	33	1	10283	97	10388	0.0	7175
query	DQ164189.1	79.298	10308	2093	33	1	10283	97	10388	0.0	7175
query	KX394385.1	79.283	10320	2093	37	1	10293	75	10376	0.0	7173
query	KJ501484.1	79.288	10308	2094	33	1	10283	97	10388	0.0	7173
query	KJ501315.1	79.288	10308	2094	33	1	10283	97	10388	0.0	7173
query	KJ501251.1	79.275	10316	2099	31	1	10292	97	10397	0.0	7173
query	KR348933.1	79.285	10316	2094	35	1	10290	1	10299	0.0	7171
query	KR348932.1	79.285	10316	2094	35	1	10290	1	10299	0.0	7171
query	KJ501525.1	79.288	10308	2094	33	1	10283	97	10388	0.0	7171
query	DQ411034.1	79.269	10313	2107	22	1	10293	74	10375	0.0	7171
query	DQ164196.1	79.288	10308	2094	33	1	10283	97	10388	0.0	7171
query	KX547618.1	79.288	10308	2094	33	1	10283	64	10355	0.0	7169
query	KX547588.1	79.288	10308	2094	33	1	10283	64	10355	0.0	7169
query	KX547586.1	79.288	10308	2094	33	1	10283	64	10355	0.0	7169
query	KX547570.1	79.288	10308	2094	33	1	10283	64	10355	0.0	7169
query	KX547567.1	79.277	10317	2097	33	1	10292	64	10364	0.0	7169
query	KX547563.1	79.288	10308	2094	33	1	10283	64	10355	0.0	7169
query	KX547559.1	79.290	10309	2092	35	1	10283	64	10355	0.0	7169
query	KX547541.1	79.288	10308	2094	33	1	10283	64	10355	0.0	7169
query	KX547533.1	79.288	10308	2094	33	1	10283	64	10355	0.0	7169
query	KX547531.1	79.288	10308	2094	33	1	10283	64	10355	0.0	7169
query	KX547529.1	79.288	10308	2094	33	1	10283	64	10355	0.0	7169
query	KX547507.1	79.288	10308	2094	33	1	10283	64	10355	0.0	7169
query	KX547497.1	79.290	10309	2092	35	1	10283	64	10355	0.0	7169
query	KX547482.1	79.292	10310	2090	37	1	10283	64	10355	0.0	7169
query	KX547480.1	79.288	10308	2094	33	1	10283	64	10355	0.0	7169
query	KX547449.1	79.288	10308	2094	33	1	10283	64	10355	0.0	7169
query	KX547443.1	79.290	10309	2092	36	1	10283	64	10355	0.0	7169
query	KX547434.1	79.288	10308	2094	33	1	10283	64	10355	0.0	7169
query	KX547432.1	79.288	10308	2094	33	1	10283	64	10355	0.0	7169
query	KX547430.1	79.294	10311	2088	39	1	10283	64	10355	0.0	7169
query	KX547409.1	79.288	10308	2094	33	1	10283	64	10355	0.0	7169
query	KX547397.1	79.288	10308	2094	33	1	10283	64	10355	0.0	7169
query	KX547384.1	79.288	10308	2094	33	1	10283	64	10355	0.0	7169
query	KX547377.1	79.288	10308	2094	33	1	10283	64	10355	0.0	7169
query	KX547359.1	79.277	10317	2097	33	1	10292	64	10364	0.0	7169
query	KX547345.1	79.288	10308	2094	33	1	10283	64	10355	0.0	7169
query	KX547335.1	79.288	10308	2094	33	1	10283	64	10355	0.0	7169
query	KX547333.1	79.292	10310	2090	37	1	10283	64	10355	0.0	7169
query	KX547328.1	79.288	10308	2094	33	1	10283	64	10355	0.0	7169
query	KX547325.1	79.290	10309	2092	35	1	10283	64	10355	0.0	7169
query	KX547297.1	79.310	10290	2088	33	1	10265	64	10337	0.0	7169
query	KX547291.1	79.288	10308	2094	33	1	10283	64	10355	0.0	7169
query	KX547287.1	79.288	10308	2094	33	1	10283	64	10355	0.0	7169
query	KX547260.1	79.288	10308	2094	33	1	10283	64	10355	0.0	7169
query	KX547257.1	79.288	10308	2094	33	1	10283	64	10355	0.0	7169
query	KX547244.1	79.288	10308	2094	33	1	10283	64	10355	0.0	7169
query	KX547232.1	79.288	10308	2094	33	1	10283	64	10355	0.0	7169
query	KX547230.1	79.288	10308	2094	33	1	10283	64	10355	0.0	7169
query	KX547212.1	79.277	10317	2097	33	1	10292	64	10364	0.0	7169
query	KX547200.1	79.292	10310	2090	37	1	10283	64	10355	0.0	7169
query	KX547199.1	79.292	10310	2090	37	1	10283	64	10355	0.0	7169
query	KX547190.1	79.292	10310	2090	37	1	10283	64	10355	0.0	7169
query	KX547189.1	79.288	10308	2094	33	1	10283	64	10355	0.0	7169
query	KX547173.1	79.279	10318	2095	35	1	10292	64	10364	0.0	7169
query	KM012184.1	79.290	10309	2092	35	1	10283	97	10388	0.0	7169
query	KM012180.1	79.288	10308	2094	33	1	10283	97	10388	0.0	7169
query	KR348941.1	79.294	10311	2088	39	1	10283	1	10292	0.0	7169
query	KJ501522.1	79.290	10309	2092	35	1	10283	97	10388	0.0	7169
query	KJ501512.1	79.281	10319	2093	37	1	10292	66	10366	0.0	7169
query	KJ501508.1	79.290	10309	2092	35	1	10283	97	10388	0.0	7169
query	KJ501502.1	79.277	10317	2097	33	1	10292	97	10397	0.0	7169
query	KJ501501.1	79.288	10308	2094	33	1	10283	71	10362	0.0	7169
query	KJ501467.1	79.288	10308	2094	33	1	10283	97	10388	0.0	7169
query	KJ501466.1	79.288	10308	2094	33	1	10283	97	10388	0.0	7169
query	KJ501460.1	79.288	10308	2094	33	1	10283	71	10362	0.0	7169
query	KJ501453.1	79.288	10308	2094	33	1	10283	97	10388	0.0	7169
query	KJ501416.1	79.290	10309	2092	35	1	10283	97	10388	0.0	7169
query	KJ501414.1	79.279	10318	2095	35	1	10292	97	10397	0.0	7169
query	KJ501408.1	79.286	10307	2096	31	1	10283	97	10388	0.0	7169
query	KJ501406.1	79.286	10307	2096	31	1	10283	97	10388	0.0	7169
query	KJ501400.1	79.288	10308	2094	33	1	10283	97	10388	0.0	7169
query	KJ501396.1	79.288	10308	2094	33	1	10283	97	10388	0.0	7169
query	KJ501385.1	79.279	10318	2095	35	1	10292	97	10397	0.0	7169
query	KJ501362.1	79.281	10319	2093	37	1	10292	97	10397	0.0	7169
query	KJ501361.1	79.290	10309	2092	35	1	10283	97	10388	0.0	7169
query	KJ501360.1	79.290	10309	2092	35	1	10283	97	10388	0.0	7169
query	KJ501356.1	79.288	10308	2094	33	1	10283	97	10388	0.0	7169
query	KJ501340.1	79.288	10308	2094	33	1	10283	71	10362	0.0	7169
query	KJ501338.1	79.286	10307	2096	31	1	10283	97	10388	0.0	7169
query	KJ501321.1	79.288	10308	2094	33	1	10283	71	10362	0.0	7169
query	KJ501319.1	79.288	10308	2094	33	1	10283	97	10388	0.0	7169
query	KJ501274.1	79.288	10308	2094	33	1	10283	71	10362	0.0	7169
query	KJ501259.1	79.292	10310	2090	37	1	10283	97	10388	0.0	7169
query	KJ501254.1	79.288	10308	2094	33	1	10283	97	10388	0.0	7169
query	KJ501211.1	79.288	10308	2094	33	1	10283	97	10388	0.0	7169
query	KJ501121.1	79.294	10311	2088	39	1	10283	97	10388	0.0	7169
query	KJ501114.1	79.279	10318	2095	35	1	10292	97	10397	0.0	7169
query	KJ145805.1	79.310	10290	2088	33	1	10265	97	10370	0.0	7169
query	KC333381.1	79.292	10310	2090	37	1	10283	69	10360	0.0	7169
query	KC333375.1	79.288	10308	2094	33	1	10283	1	10292	0.0	7169
query	KC736502.1	79.292	10310	2090	37	1	10283	97	10388	0.0	7169
query	JQ928174.1	79.261	10314	2106	23	1	10293	66	10367	0.0	7169
query	JN819324.1	79.288	10308	2094	33	1	10283	64	10355	0.0	7169
query	JN819310.1	79.288	10308	2094	33	1	10283	62	10353	0.0	7169
query	JN183892.1	79.290	10309	2092	35	1	10283	97	10388	0.0	7169
query	JF415929.1	79.282	10305	2100	28	1	10283	97	10388	0.0	7169
query	JF972636.1	79.288	10308	2094	33	1	10283	97	10388	0.0	7169
query	JF920759.1	79.294	10311	2088	39	1	10283	91	10382	0.0	7169
query	JF920756.1	79.292	10310	2090	37	1	10283	97	10388	0.0	7169
query	JF920752.1	79.288	10308	2094	33	1	10283	97	10388	0.0	7169
query	JF920744.1	79.277	10317	2097	33	1	10292	97	10397	0.0	7169
query	JF920742.1	79.286	10307	2096	32	1	10283	97	10388	0.0	7169
query	JF920739.1	79.288	10308	2094	33	1	10283	97	10388	0.0	7169
query	JF920734.1	79.290	10309	2092	35	1	10283	97	10388	0.0	7169
query	JF920732.1	79.288	10308	2094	33	1	10283	97	10388	0.0	7169
query	JF920729.1	79.288	10308	2094	33	1	10283	97	10388	0.0	7169
query	JF920306.1	79.288	10308	2094	33	1	10283	131	10422	0.0	7169
query	JF899528.1	79.288	10308	2094	33	1	10283	88	10379	0.0	7169
query	JF488091.1	79.288	10308	2094	33	1	10283	97	10388	0.0	7169
query	HQ705660.1	79.288	10308	2094	33	1	10283	87	10378	0.0	7169
query	HQ671722.1	79.288	10308	2094	33	1	10283	88	10379	0.0	7169
query	HQ671702.1	79.288	10308	2094	33	1	10283	137	10428	0.0	7169
query	GQ507482.1	79.290	10309	2092	35	1	10283	1	10292	0.0	7169
query	GQ507474.1	79.277	10317	2097	33	1	10292	1	10301	0.0	7169
query	GQ507472.1	79.288	10308	2094	33	1	10283	1	10292	0.0	7169
query	HM488174.1	79.288	10308	2094	33	1	10283	139	10430	0.0	7169
query	HM488171.1	79.288	10308	2094	33	1	10283	98	10389	0.0	7169
query	HM488167.1	79.288	10308	2094	33	1	10283	97	10388	0.0	7169
query	HM488160.1	79.288	10308	2094	33	1	10283	95	10386	0.0	7169
query	HM488147.1	79.292	10310	2090	37	1	10283	97	10388	0.0	7169
query	HM488137.1	79.288	10308	2094	33	1	10283	97	10388	0.0	7169
query	HM756669.1	79.288	10308	2094	33	1	10283	88	10379	0.0	7169
query	HM756656.1	79.288	10308	2094	33	1	10283	97	10388	0.0	7169
query	HM488253.1	79.288	10308	2094	33	1	10283	112	10403	0.0	7169
query	HM488235.1	79.288	10308	2094	33	1	10283	97	10388	0.0	7169
query	HM488199.1	79.310	10290	2088	33	1	10265	97	10370	0.0	7169
query	HM488182.1	79.288	10308	2094	33	1	10283	97	10388	0.0	7169
query	GU828002.1	79.288	10308	2094	33	1	10283	48	10339	0.0	7169
query	GU827998.1	79.288	10308	2094	33	1	10283	43	10334	0.0	7169
query	HM152773.1	79.290	10309	2092	35	1	10283	73	10364	0.0	7169
query	GQ379161.1	79.270	10304	2103	27	1	10283	97	10388	0.0	7169
query	DQ666450.1	79.288	10308	2094	33	1	10283	97	10388	0.0	7169
query	DQ431712.1	79.280	10309	2093	35	1	10283	1	10292	0.0	7169
query	DQ176637.1	79.277	10317	2097	33	1	10292	40	10340	0.0	7169
query	DQ080070.1	79.290	10309	2092	35	1	10283	69	10360	0.0	7169
query	DQ080068.1	79.290	10309	2092	35	1	10283	69	10360	0.0	7169
query	DQ080066.1	79.290	10309	2092	35	1	10283	69	10360	0.0	7169
query	DQ080058.1	79.277	10317	2097	33	1	10292	97	10397	0.0	7169
query	DQ080057.1	79.277	10317	2097	33	1	10292	97	10397	0.0	7169
query	DQ080054.1	79.277	10317	2097	33	1	10292	97	10397	0.0	7169
query	DQ164201.1	79.294	10311	2088	39	1	10283	97	10388	0.0	7169
query	KJ501253.1	79.284	10311	2089	39	1	10283	97	10388	0.0	7167
query	HQ671730.1	79.290	10309	2089	38	1	10283	88	10376	0.0	7167
query	HM538579.1	79.288	10308	2091	34	1	10283	96	10384	0.0	7167
query	DQ431701.1	79.278	10308	2095	33	1	10283	1	10292	0.0	7167
query	KX394386.1	79.273	10320	2094	37	1	10293	75	10376	0.0	7166
query	KX394383.1	79.273	10320	2094	37	1	10293	75	10376	0.0	7166
query	KX394381.1	79.273	10320	2094	37	1	10293	75	10376	0.0	7166
query	KX547583.1	79.284	10306	2094	33	3	10283	66	10355	0.0	7166
query	KT934798.1	79.277	10322	2090	40	1	10293	1	10302	0.0	7166
query	KT934797.1	79.277	10322	2090	41	1	10293	1	10302	0.0	7166
query	KR348934.1	79.275	10316	2095	35	1	10290	1	10299	0.0	7166
query	KJ501483.1	79.278	10308	2095	33	1	10283	97	10388	0.0	7166
query	KJ501432.1	79.269	10318	2098	33	1	10293	71	10372	0.0	7166
query	KJ501407.1	79.276	10307	2097	31	1	10283	97	10388	0.0	7166
query	DQ411035.1	79.259	10313	2108	22	1	10293	74	10375	0.0	7166
query	DQ377180.1	79.259	10313	2108	22	1	10293	74	10375	0.0	7166
query	DQ377178.1	79.259	10313	2108	22	1	10293	74	10375	0.0	7166
query	DQ080064.1	79.280	10309	2093	35	1	10283	69	10360	0.0	7166
query	D00246.1	79.271	10319	2096	35	1	10293	76	10377	0.0	7166
query	KY229070.1	79.282	10310	2091	37	1	10283	91	10382	0.0	7164
query	KX547599.1	79.278	10308	2095	33	1	10283	64	10355	0.0	7164
query	KX547592.1	79.270	10304	2103	26	1	10283	64	10355	0.0	7164
query	KX547589.1	79.282	10310	2091	37	1	10283	64	10355	0.0	7164
query	KX547587.1	79.269	10318	2096	35	1	10292	64	10364	0.0	7164
query	KX547520.1	79.282	10310	2091	37	1	10283	64	10355	0.0	7164
query	KX547512.1	79.278	10308	2095	33	1	10283	64	10355	0.0	7164
query	KX547481.1	79.267	10317	2098	33	1	10292	64	10364	0.0	7164
query	KX547474.1	79.270	10304	2103	26	1	10283	64	10355	0.0	7164
query	KX547468.1	79.278	10308	2095	33	1	10283	64	10355	0.0	7164
query	KX547452.1	79.278	10308	2095	33	1	10283	64	10355	0.0	7164
query	KX547418.1	79.280	10309	2093	36	1	10283	64	10355	0.0	7164
query	KX547413.1	79.278	10308	2095	33	1	10283	64	10355	0.0	7164
query	KX547411.1	79.278	10308	2095	33	1	10283	64	10355	0.0	7164
query	KX547407.1	79.280	10309	2093	35	1	10283	64	10355	0.0	7164
query	KX547400.1	79.278	10308	2095	33	1	10283	64	10355	0.0	7164
query	KX547387.1	79.284	10311	2089	39	1	10283	64	10355	0.0	7164
query	KX547386.1	79.300	10290	2089	34	1	10265	64	10337	0.0	7164
query	KX547346.1	79.278	10308	2095	33	1	10283	64	10355	0.0	7164
query	KX547327.1	79.280	10309	2093	35	1	10283	64	10355	0.0	7164
query	KX547318.1	79.284	10311	2089	39	1	10283	64	10355	0.0	7164
query	KX547311.1	79.270	10304	2103	26	1	10283	64	10355	0.0	7164
query	KX547306.1	79.282	10310	2091	37	1	10283	64	10355	0.0	7164
query	KX547292.1	79.278	10308	2095	33	1	10283	64	10355	0.0	7164
query	KX547289.1	79.278	10308	2095	33	1	10283	64	10355	0.0	7164
query	KX547280.1	79.278	10308	2095	33	1	10283	64	10355	0.0	7164
query	KX547268.1	79.278	10308	2095	33	1	10283	64	10355	0.0	7164
query	KX547245.1	79.278	10308	2095	33	1	10283	64	10355	0.0	7164
query	KX547240.1	79.267	10317	2098	33	1	10292	64	10364	0.0	7164
query	KX547239.1	79.280	10309	2093	35	1	10283	64	10355	0.0	7164
query	KX547234.1	79.278	10308	2095	33	1	10283	64	10355	0.0	7164
query	KX547220.1	79.278	10308	2095	33	1	10283	64	10355	0.0	7164
query	KX547201.1	79.282	10310	2091	37	1	10283	64	10355	0.0	7164
query	KX547197.1	79.284	10311	2089	39	1	10283	64	10355	0.0	7164
query	KX547192.1	79.278	10308	2095	33	1	10283	64	10355	0.0	7164
query	KX547164.1	79.278	10308	2095	33	1	10283	64	10355	0.0	7164
query	KR348948.1	79.280	10309	2093	35	1	10283	1	10292	0.0	7164
query	KJ501537.1	79.280	10309	2093	35	1	10283	97	10388	0.0	7164
query	KJ501524.1	79.276	10307	2097	31	1	10283	97	10388	0.0	7164
query	KJ501519.1	79.278	10308	2095	33	1	10283	97	10388	0.0	7164
query	KJ501496.1	79.278	10308	2095	33	1	10283	97	10388	0.0	7164
query	KJ501472.1	79.278	10308	2095	33	1	10283	97	10388	0.0	7164
query	KJ501462.1	79.280	10309	2093	35	1	10283	71	10362	0.0	7164
query	KJ501449.1	79.278	10308	2095	33	1	10283	97	10388	0.0	7164
query	KJ501441.1	79.278	10308	2095	33	1	10283	97	10388	0.0	7164
query	KJ501405.1	79.282	10310	2091	36	1	10283	97	10388	0.0	7164
query	KJ501397.1	79.278	10308	2095	33	1	10283	97	10388	0.0	7164
query	KJ501395.1	79.271	10319	2094	37	1	10292	97	10397	0.0	7164
query	KJ501380.1	79.280	10309	2093	35	1	10283	97	10388	0.0	7164
query	KJ501364.1	79.278	10308	2095	33	1	10283	97	10388	0.0	7164
query	KJ501363.1	79.271	10319	2094	37	1	10292	97	10397	0.0	7164
query	KJ501291.1	79.280	10309	2093	35	1	10283	97	10388	0.0	7164
query	KJ501281.1	79.278	10308	2095	33	1	10283	97	10388	0.0	7164
query	KJ501266.1	79.267	10317	2098	33	1	10292	71	10371	0.0	7164
query	KJ501248.1	79.278	10308	2095	33	1	10283	84	10375	0.0	7164
query	KJ501217.1	79.274	10306	2099	30	1	10283	96	10387	0.0	7164
query	KJ501126.1	79.269	10318	2096	35	1	10292	97	10397	0.0	7164
query	KJ501112.1	79.269	10318	2096	35	1	10292	97	10397	0.0	7164
query	KJ501110.1	79.261	10314	2104	28	1	10292	97	10397	0.0	7164
query	JF957181.1	79.282	10310	2091	37	1	10283	97	10388	0.0	7164
query	JF957165.1	79.280	10309	2093	35	1	10283	97	10388	0.0	7164
query	JN819312.1	79.278	10308	2095	33	1	10283	64	10355	0.0	7164
query	JF415921.1	79.284	10311	2089	39	1	10283	97	10388	0.0	7164
query	JF415917.1	79.282	10310	2091	37	1	10283	97	10388	0.0	7164
query	JF920746.1	79.282	10310	2091	37	1	10283	97	10388	0.0	7164
query	JF920741.1	79.267	10317	2098	33	1	10292	97	10397	0.0	7164
query	JF920736.1	79.278	10308	2095	33	1	10283	97	10388	0.0	7164
query	JF920735.1	79.278	10308	2095	33	1	10283	96	10387	0.0	7164
query	JF920728.1	79.278	10308	2095	33	1	10283	97	10388	0.0	7164
query	JF730043.1	79.278	10308	2095	33	1	10283	97	10388	0.0	7164
query	JF488093.1	79.269	10318	2096	35	1	10292	97	10397	0.0	7164
query	HQ671703.1	79.278	10308	2095	33	1	10283	88	10379	0.0	7164
query	HM488172.1	79.278	10308	2095	33	1	10283	139	10430	0.0	7164
query	HM488116.1	79.282	10310	2091	36	1	10283	131	10422	0.0	7164
query	HM756673.1	79.278	10308	2095	33	1	10283	88	10379	0.0	7164
query	HM756654.1	79.269	10318	2096	35	1	10292	97	10397	0.0	7164
query	HM488239.1	79.282	10310	2091	37	1	10283	97	10388	0.0	7164
query	HM488228.1	79.278	10308	2095	33	1	10283	97	10388	0.0	7164
query	HM488221.1	79.278	10308	2095	33	1	10283	137	10428	0.0	7164
query	HM488218.1	79.271	10319	2094	37	1	10292	141	10441	0.0	7164
query	HM488215.1	79.278	10308	2095	33	1	10283	97	10388	0.0	7164
query	HM488209.1	79.278	10308	2095	33	1	10283	97	10388	0.0	7164
query	DQ431707.1	79.282	10310	2091	38	1	10283	1	10292	0.0	7164
query	DQ005530.1	79.280	10309	2093	35	1	10283	97	10388	0.0	7164
query	AF404755.1	79.267	10317	2098	34	1	10292	97	10397	0.0	7164
query	DQ080069.1	79.280	10309	2093	35	1	10283	69	10360	0.0	7164
query	DQ080067.1	79.280	10309	2093	35	1	10283	69	10360	0.0	7164
query	DQ080065.1	79.280	10309	2093	35	1	10283	63	10354	0.0	7164
query	DQ164195.1	79.278	10308	2095	33	1	10283	97	10388	0.0	7164
query	AF202541.1	79.282	10310	2091	38	1	10283	55	10346	0.0	7164
query	KX394396.1	79.262	10319	2097	35	1	10293	75	10376	0.0	7160
query	KX547568.1	79.258	10317	2101	31	1	10293	64	10365	0.0	7160
query	KT934803.1	79.268	10322	2091	40	1	10293	1	10302	0.0	7160
query	KR348954.1	79.263	10315	2098	33	1	10290	1	10299	0.0	7160
query	KR348946.1	79.265	10316	2096	35	1	10290	1	10299	0.0	7160
query	KR348931.1	79.257	10312	2104	28	1	10290	1	10299	0.0	7160
query	KR348930.1	79.257	10312	2104	28	1	10290	1	10299	0.0	7160
query	GQ507484.1	79.260	10318	2097	35	1	10292	1	10301	0.0	7160
query	GQ851602.1	79.262	10319	2097	35	1	10293	79	10380	0.0	7160
query	DQ377179.1	79.249	10313	2109	22	1	10293	74	10375	0.0	7160
query	KY216152.1	79.273	10310	2092	37	1	10283	89	10380	0.0	7158
query	KX547609.1	79.260	10304	2104	26	1	10283	64	10355	0.0	7158
query	KX547604.1	79.267	10307	2098	31	1	10283	64	10355	0.0	7158
query	DQ431693.1	79.269	10308	2096	33	1	10283	1	10292	0.0	7158
query	DQ374653.1	79.240	10313	2110	22	1	10293	74	10375	0.0	7158
